Title,Company,Location,Date Posted
Senior DevOps Engineer (Azure),Proxify,CET +/- 3 HOURS,2025-01-14T16:16:12
Mid to Senior UX/UI Designer,Zemogajobs,Colombia,2025-01-14T14:50:11
Senior Automation Tester,ProArch,India,2025-01-14T12:51:04
"Senior Marketing Analyst, Analytics",Earnest,USA,2025-01-14T12:50:55
SEO/Data Analyst,Solvd,"Brazil, Argentina, Mexico",2025-01-14T12:50:55
Program Manager,Heartflowinc,USA,2025-01-14T12:50:48
Senior Product Lead,Fetch Rewards,USA,2025-01-14T12:50:42
Integration/Middleware Engineer,BETSOL,USA,2025-01-14T12:50:36
IT Talent Acquisition,Plain Concepts,Europe,2025-01-14T06:50:42
HR Business Partner,Octopus,Australia,2025-01-14T06:50:39
"Manager, Accounting",Sensei Ag,USA,2025-01-14T06:50:31
Senior Accountant,GotPhoto,Germany,2025-01-14T06:50:29
Intermediate Project Manager,Dev.Pro,Ukraine,2025-01-14T06:50:24
"Director, Product Marketing",Vimeo,USA,2025-01-14T06:50:18
UI/UX Designer,Darogha,Pakistan,2025-01-14T06:50:13
Onboarding Specialist,Panoptyc,Philippines,2025-01-14T06:50:06
Senior Collections Analyst,Samsara,Mexico,2025-01-14T04:50:30
Senior Site Reliability Engineer,Urbint,USA,2025-01-14T04:50:22
CI/CD Engineer,SET Europa,Europe,2025-01-14T04:50:20
Bilingual Copywriter,Fetch Rewards,USA,2025-01-14T02:51:08
Content Writer,Getwingapp,India,2025-01-14T02:51:08
Middle QA Engineer,TechMagic,Ukraine,2025-01-14T02:51:03
"IT Manager, Digital Operations",Greenpages,Northern America,2025-01-14T02:50:58
"Product Manager, Growth",Render,USA,2025-01-14T02:50:53
Renewal Account Manager,DomainTools,USA,2025-01-14T02:50:48
Account Manager,12twenty,USA,2025-01-14T02:50:47
"Sr Director, Lifecycle Marketing",Self Financial,USA,2025-01-14T02:50:42
Senior Product Designer,Coconut Software,Canada,2025-01-14T02:50:37
"Senior Customer Success Manager, Migration Advisory Specialist",Azul,India,2025-01-14T02:50:32
Senior Frontend Engineer,RevenueCat,"Americas, EMEA",2025-01-14T02:50:21
Solutions Architect,Wasabi,Australia,2025-01-14T02:50:20
"Senior Director, Platform Engineering",Bswift LLC,USA,2025-01-14T02:50:20
[NCL] Full-stack Software Engineer (Java + Angular),Software Mind,Europe,2025-01-14T02:50:18
Senior Director of Energy,Cologixinc,USA,2025-01-13T20:51:52
DevOps Engineer,Cypris,USA,2025-01-13T20:51:45
Account Manager,Jump 450 Media,USA,2025-01-13T20:51:31
Marketing Operations Manager,Oneapp,USA,2025-01-13T20:51:22
Customer Success Manager,Sona,UK,2025-01-13T20:51:10
Executive Assistant,Flowdesk,USA,2025-01-13T18:50:50
Technical Data Analyst,Gamdom,Europe,2025-01-13T18:50:44
Software Architect,Blackline Safety,Canada,2025-01-13T18:50:38
Copywriter,LatHire,LATAM,2025-01-13T17:28:41
Threat Researcher- Source Code Review,SonicWall,Costa Rica,2025-01-13T16:50:44
Senior Frontend Engineer,Tabby,"Europe, Asia",2025-01-13T14:50:48
Video Editor - Social Media Ads for eCommerce D2C Brand - REMOTE,Chef Preserve,Worldwide,2025-01-13T14:29:50
Copywriter,SheerID,USA,2025-01-13T10:51:17
Senior Mobile Test Automation (focus on iOS Application Testing),Sigma Software,Poland,2025-01-13T10:51:12
Data Analyst,Simple,Cyprus,2025-01-13T10:51:05
Data analyst,Paltaltd,Cyprus,2025-01-13T10:51:04
IT Project Manager / Functional Analyst,ESL FACEIT GROUP,Europe,2025-01-13T10:50:58
Tutor Growth Product Manager,ClassDojo,USA,2025-01-13T10:50:53
Customer Operations Manager,Virtuagym,Europe,2025-01-13T10:50:42
Advancing Assistant for Music Label,Paired,"Philippines, Indonesia",2025-01-13T04:51:44
People and Talent Manager,Nillion,Netherlands,2025-01-13T04:51:32
Talent Coordinator,ShiftCare,Australia,2025-01-13T04:51:31
Financial Controller,Tapmango,USA,2025-01-13T04:51:25
Financial Accountant,Token,Germany,2025-01-13T04:51:23
"Technical Program Manager, Deployment Success",Overlandai,USA,2025-01-13T04:51:17
Associate Product Marketing Manager,Mark43,"USA, UK, Canada",2025-01-13T04:51:12
Senior Landing Page Designer,Webserv,Serbia,2025-01-13T04:51:07
Customer Success Manager,Bridgit,Canada,2025-01-13T04:50:59
Hardware Trading Analyst,Luxor Technology,Americas,2025-01-13T02:50:47
Site Reliability Engineer,InOrg Global,India,2025-01-13T02:50:39
Senior Cloud Network Engineer,Trexsolutions,USA,2025-01-13T02:50:38
"Staff Infrastructure Engineer, GroqCloud",Groq,USA,2025-01-13T02:50:38
Middle Java Automation Engineer,Patrianna,Ukraine,2025-01-13T00:51:03
Inside Sales Professional I,Rentokil Initial,Canada,2025-01-13T00:50:52
Business Development Representative,Fabric,Canada,2025-01-13T00:50:51
Account Manager,RateHawk,Morocco,2025-01-13T00:50:51
Digital Marketing Manager,Gridlines,UK,2025-01-13T00:50:46
Product Designer,Joincommonroom,"USA, Canada",2025-01-13T00:50:40
Customer Service Administrator with French,Oviva,Europe,2025-01-13T00:50:33
Delivery Manager,Code.org,USA,2025-01-12T22:51:03
Senior Product Manager,Finary,Europe,2025-01-12T22:50:58
"Senior Software Engineer, Full Stack Focus",Kin,USA,2025-01-12T22:50:44
Senior Backend Engineer,PatientIQ,USA,2025-01-12T22:50:43
"Software Engineer, Onboarding Experience",Upstart,USA,2025-01-12T22:50:43
Application Security Engineer,Globalization Partners,USA,2025-01-12T22:50:42
Engineering Manager - Ads Retrieval,Reddit,Canada,2025-01-12T22:50:41
DevOps Engineer,InOrg Global,India,2025-01-12T18:51:07
Revenue Operations Manager / Lead,Flip,Europe,2025-01-12T18:51:01
Partnership Marketing Manager,Windranger,"EMEA, APAC",2025-01-12T18:50:56
Customer Service Representative,Rockpoint Legal Funding,Mexico,2025-01-12T18:50:48
Drafter,ConnectOS,Philippines,2025-01-12T16:50:51
Risk Analyst II,Thumbtack,Philippines,2025-01-12T16:50:46
Senior Backend Engineer,Midnite,UK,2025-01-12T16:50:40
Protocol Engineer,Jito.wtf,USA,2025-01-12T14:50:03
UX/UI Designer,Techietalent,LATAM,2025-01-12T12:50:05
Marketing Data Analyst,Carry1st,Czech Republic,2025-01-12T10:50:26
Senior Data Analyst,Faptic Technology,Romania,2025-01-12T10:50:25
Sr. SOX IT Project Manager,Life360,USA,2025-01-12T10:50:16
Product Manager,Shift5,USA,2025-01-12T10:50:11
Director Client Services,Attabotics Inc.,"USA, Canada",2025-01-12T10:50:05
Quality Assurance Engineer,Corellium,USA,2025-01-12T08:50:40
International Banking Compliance Officer,risk,Europe,2025-01-12T04:50:52
Strategic R&D Manager,DeepHealth,India,2025-01-12T04:50:47
SEO Manager,NielsenIQ,Portugal,2025-01-12T04:50:42
"Senior Manager, Product Design",Vidyard,Canada,2025-01-12T04:50:36
Online English Writing and Analysis Teacher,Jadeclass Education,USA,2025-01-12T02:50:55
SEO Content Writer & Analyst,Ergeon,USA,2025-01-12T02:50:50
